{"train_loss": 3.826986312866211, "_timestamp": 1647523640, "_runtime": 31, "_step": 122, "round": 3, "test_loss": 0.5462114656126345, "test_accuracy": 0.012987012987012988, "_wandb": {"runtime": 27}}