{"train_loss": 4.1473846435546875, "_timestamp": 1647519793, "_runtime": 119, "_step": 1175, "round": 3, "test_loss": 0.6097450194420753, "test_accuracy": 0.012987012987012988, "_wandb": {"runtime": 118}}