{"train_loss": 3.6173834800720215, "_timestamp": 1647519957, "_runtime": 32, "_step": 122, "round": 3, "test_loss": 0.6235281089683632, "test_accuracy": 0.012987012987012988, "_wandb": {"runtime": 29}}